keys,eng,fi
heading,<b>Your results</b>,<b>Tuloksesi</b>
starsExplain,The stars compare your result with everyone who has done this task so far.,"Tähdet vertaavat tulostasi kaikkiin, jotka ovat tähän mennessä tehneet tämän tehtävän."
starsLabel,{s} of 5 stars,{s}/5 tähteä
note,"This feedback is only indicative and is not a diagnosis. Your result can be affected by, for example, your device, headphones and surroundings.","Palaute on vain suuntaa antava, eikä se ole diagnoosi. Tulokseesi voivat vaikuttaa esimerkiksi laitteesi, kuulokkeesi ja ympäristösi."
batTitle,Aligning the beat with the music,Tahdin sovittaminen musiikkiin
smartTitle,Recognising emotions in music,Tunteiden tunnistaminen musiikista
mbemaMelody,Melodies: same or different?,Melodiat: samat vai erilaiset?
mbemaRhythm,Rhythms: same or different?,Rytmit: samat vai erilaiset?
mbemaMemory,Melody memory,Melodiamuisti
tapTitle,Steady tapping,Tasainen napauttaminen
tapDetail,How evenly spaced your taps were.,Kuinka tasaisin välein napautit.
movementTitle,Regular movement,Säännöllinen liike
movementDetail,How regular and repetitive your movement was while dancing.,Kuinka säännöllistä ja toistuvaa liikkeesi oli tanssiessasi.
